shirt_number,token,url
001,67jp8,https://wearmu.com/jf/67jp8
002,26z9s,https://wearmu.com/jf/26z9s
003,mkr8y,https://wearmu.com/jf/mkr8y
004,kwcq4,https://wearmu.com/jf/kwcq4
005,p9yfy,https://wearmu.com/jf/p9yfy
006,3pvxz,https://wearmu.com/jf/3pvxz
007,vzavr,https://wearmu.com/jf/vzavr
008,52gef,https://wearmu.com/jf/52gef
009,ux9xc,https://wearmu.com/jf/ux9xc
010,wcw7t,https://wearmu.com/jf/wcw7t
011,bphu6,https://wearmu.com/jf/bphu6
012,wv3yd,https://wearmu.com/jf/wv3yd
013,47jsn,https://wearmu.com/jf/47jsn
014,r34ta,https://wearmu.com/jf/r34ta
015,yypgt,https://wearmu.com/jf/yypgt
016,zwfas,https://wearmu.com/jf/zwfas
017,cee2h,https://wearmu.com/jf/cee2h
018,m2rca,https://wearmu.com/jf/m2rca
019,bpr49,https://wearmu.com/jf/bpr49
020,c79ae,https://wearmu.com/jf/c79ae
021,5wz4b,https://wearmu.com/jf/5wz4b
022,aby2b,https://wearmu.com/jf/aby2b
023,u9278,https://wearmu.com/jf/u9278
024,gwada,https://wearmu.com/jf/gwada
025,9sesp,https://wearmu.com/jf/9sesp
026,4nvmd,https://wearmu.com/jf/4nvmd
027,y2chg,https://wearmu.com/jf/y2chg
028,jfmdf,https://wearmu.com/jf/jfmdf
029,vrq23,https://wearmu.com/jf/vrq23
030,awtcv,https://wearmu.com/jf/awtcv
031,phpf9,https://wearmu.com/jf/phpf9
032,ht6b2,https://wearmu.com/jf/ht6b2
033,hgsn6,https://wearmu.com/jf/hgsn6
034,5dpvy,https://wearmu.com/jf/5dpvy
035,eh23k,https://wearmu.com/jf/eh23k
036,7kxpc,https://wearmu.com/jf/7kxpc
037,7vhns,https://wearmu.com/jf/7vhns
038,aku4x,https://wearmu.com/jf/aku4x
039,gg82m,https://wearmu.com/jf/gg82m
040,t9vuy,https://wearmu.com/jf/t9vuy
041,2w5vf,https://wearmu.com/jf/2w5vf
042,yjaqx,https://wearmu.com/jf/yjaqx
043,rauny,https://wearmu.com/jf/rauny
044,6zv9j,https://wearmu.com/jf/6zv9j
045,kb8qb,https://wearmu.com/jf/kb8qb
046,wqhz6,https://wearmu.com/jf/wqhz6
047,srwaz,https://wearmu.com/jf/srwaz
048,nr4yq,https://wearmu.com/jf/nr4yq
049,unwj5,https://wearmu.com/jf/unwj5
050,4e8c6,https://wearmu.com/jf/4e8c6
051,4a27r,https://wearmu.com/jf/4a27r
052,e2zyj,https://wearmu.com/jf/e2zyj
053,qq4x3,https://wearmu.com/jf/qq4x3
054,4fnp9,https://wearmu.com/jf/4fnp9
055,vtksq,https://wearmu.com/jf/vtksq
056,dr7zd,https://wearmu.com/jf/dr7zd
057,qcd52,https://wearmu.com/jf/qcd52
058,6bkuv,https://wearmu.com/jf/6bkuv
059,k3597,https://wearmu.com/jf/k3597
060,dwmnb,https://wearmu.com/jf/dwmnb
061,sassn,https://wearmu.com/jf/sassn
062,npkub,https://wearmu.com/jf/npkub
063,udawh,https://wearmu.com/jf/udawh
064,95pb4,https://wearmu.com/jf/95pb4
065,hd8w4,https://wearmu.com/jf/hd8w4
066,4dht8,https://wearmu.com/jf/4dht8
067,k262s,https://wearmu.com/jf/k262s
068,r9q6q,https://wearmu.com/jf/r9q6q
069,p9aat,https://wearmu.com/jf/p9aat
070,xuttc,https://wearmu.com/jf/xuttc
071,nkm4x,https://wearmu.com/jf/nkm4x
072,fajy9,https://wearmu.com/jf/fajy9
073,kfpxp,https://wearmu.com/jf/kfpxp
074,f8g4n,https://wearmu.com/jf/f8g4n
075,uttsx,https://wearmu.com/jf/uttsx
076,2xzsq,https://wearmu.com/jf/2xzsq
077,updkp,https://wearmu.com/jf/updkp
078,eqhuw,https://wearmu.com/jf/eqhuw
079,gq3g8,https://wearmu.com/jf/gq3g8
080,xntb3,https://wearmu.com/jf/xntb3
081,ejy7t,https://wearmu.com/jf/ejy7t
082,btwrz,https://wearmu.com/jf/btwrz
083,7yf76,https://wearmu.com/jf/7yf76
084,k6tk7,https://wearmu.com/jf/k6tk7
085,z4wec,https://wearmu.com/jf/z4wec
086,t4xdt,https://wearmu.com/jf/t4xdt
087,3pxk5,https://wearmu.com/jf/3pxk5
088,xubek,https://wearmu.com/jf/xubek
089,jse9y,https://wearmu.com/jf/jse9y
090,tuj5m,https://wearmu.com/jf/tuj5m
091,742du,https://wearmu.com/jf/742du
092,g82br,https://wearmu.com/jf/g82br
093,fzsn2,https://wearmu.com/jf/fzsn2
094,rgdxm,https://wearmu.com/jf/rgdxm
095,xfqnw,https://wearmu.com/jf/xfqnw
096,ttmb7,https://wearmu.com/jf/ttmb7
097,kt6pk,https://wearmu.com/jf/kt6pk
098,6pun5,https://wearmu.com/jf/6pun5
099,fbwqk,https://wearmu.com/jf/fbwqk
100,qt5kk,https://wearmu.com/jf/qt5kk
101,ee8bt,https://wearmu.com/jf/ee8bt
102,sbgyd,https://wearmu.com/jf/sbgyd
103,86rra,https://wearmu.com/jf/86rra
104,4rdhd,https://wearmu.com/jf/4rdhd
105,kntxa,https://wearmu.com/jf/kntxa
106,evs33,https://wearmu.com/jf/evs33
107,u5jr5,https://wearmu.com/jf/u5jr5
108,m5r3n,https://wearmu.com/jf/m5r3n
109,r7bqb,https://wearmu.com/jf/r7bqb
110,kmkgk,https://wearmu.com/jf/kmkgk
111,wj65k,https://wearmu.com/jf/wj65k
112,f4r9x,https://wearmu.com/jf/f4r9x
113,3tsde,https://wearmu.com/jf/3tsde
114,ktnnr,https://wearmu.com/jf/ktnnr
115,d32nw,https://wearmu.com/jf/d32nw
116,artsk,https://wearmu.com/jf/artsk
117,jv9as,https://wearmu.com/jf/jv9as
118,gvest,https://wearmu.com/jf/gvest
119,7fmee,https://wearmu.com/jf/7fmee
120,t8wq2,https://wearmu.com/jf/t8wq2
121,acrkk,https://wearmu.com/jf/acrkk
122,bhktx,https://wearmu.com/jf/bhktx
123,gs23y,https://wearmu.com/jf/gs23y
124,wa5se,https://wearmu.com/jf/wa5se
125,xthwc,https://wearmu.com/jf/xthwc
126,qrt7e,https://wearmu.com/jf/qrt7e
127,hacjh,https://wearmu.com/jf/hacjh
128,y359s,https://wearmu.com/jf/y359s
129,mdwg3,https://wearmu.com/jf/mdwg3
130,fn8k4,https://wearmu.com/jf/fn8k4
131,2pd7j,https://wearmu.com/jf/2pd7j
132,nbb4q,https://wearmu.com/jf/nbb4q
133,gdgpw,https://wearmu.com/jf/gdgpw
134,hcmtr,https://wearmu.com/jf/hcmtr
135,8kkkr,https://wearmu.com/jf/8kkkr
136,er9ej,https://wearmu.com/jf/er9ej
137,9n2d2,https://wearmu.com/jf/9n2d2
138,zb9yg,https://wearmu.com/jf/zb9yg
139,ubkr8,https://wearmu.com/jf/ubkr8
140,dq4am,https://wearmu.com/jf/dq4am
141,ryvrk,https://wearmu.com/jf/ryvrk
142,s4nsg,https://wearmu.com/jf/s4nsg
143,wey86,https://wearmu.com/jf/wey86
144,n7vca,https://wearmu.com/jf/n7vca
145,qewc9,https://wearmu.com/jf/qewc9
146,yfyvc,https://wearmu.com/jf/yfyvc
147,7argf,https://wearmu.com/jf/7argf
148,jhr4y,https://wearmu.com/jf/jhr4y
149,esq48,https://wearmu.com/jf/esq48
150,c67vy,https://wearmu.com/jf/c67vy
